ISO,old_city,country,Coords,long_mapped,lat_mapped,city_mapped
ALB,"tiran, islamic rep. ofa",albania,MISSING_VAL,19.819025,41.327953,Tirana
ALB,lushnjë,albania,MISSING_VAL,19.705,40.94194,lushnjë
ALB,shkodër,albania,MISSING_VAL,19.51258,42.06828,shkodër
ARE,deira,united arab emirates,MISSING_VAL,55.30927,25.07725,Dubai
ARE,jumairah,united arab emirates,MISSING_VAL,55.2453,25.2016,jumairah
ARG,chacarita,argentina,MISSING_VAL,-58.37723,-34.61315,Buenos Aires
ARG,independencia,argentina,MISSING_VAL,-58.37723,-34.61315,Buenos Aires
ARG,marquesado,argentina,MISSING_VAL,-58.37723,-34.61315,Buenos Aires
ARG,martínez,argentina,MISSING_VAL,-58.37723,-34.61315,Buenos Aires
ARG,puerto madero,argentina,MISSING_VAL,-58.37723,-34.61315,Buenos Aires
ARG,velez sarsfield,argentina,MISSING_VAL,-58.37723,-34.61315,Buenos Aires
AUS,barongarook,australia,MISSING_VAL,143.5844382,-38.3400445,Colac
AUS,ardmona,australia,MISSING_VAL,145.3986,-36.38047,Greater Shepparton
AUS,australian capital territory,australia,MISSING_VAL,149.12807,-35.28346,Canberra
AUS,banksmeadow,australia,MISSING_VAL,151.20732,-33.86785,Sydney
AUS,beerburrum,australia,MISSING_VAL,152.9572498,-26.9573574,beerburrum
AUS,bellbrae,australia,MISSING_VAL,143.997678,-38.312818,Surf Coast
AUS,berringa,australia,MISSING_VAL,143.68216,-37.7936,berringa
AUS,clayton north,australia,MISSING_VAL,144.96332,-37.814,Melbourne
AUS,conondale,australia,MISSING_VAL,152.717,-26.733,conondale
AUS,cottonvale,australia,MISSING_VAL,151.9538359,-28.5212849,cottonvale
AUS,dunmore,australia,MISSING_VAL,150.867,-34.583,Shellharbour City
AUS,frances,australia,MISSING_VAL,140.967,-36.717,frances
AUS,garra,australia,MISSING_VAL,148.82694,-33.11076,Cabonnne
AUS,gindie,australia,MISSING_VAL,148.171657,-23.72889,gindie
AUS,glenrowan,australia,MISSING_VAL,150.65,-35.1,glenrowan
AUS,jung,australia,MISSING_VAL,142.199997,-36.716667,jung
AUS,kandanga,australia,MISSING_VAL,152.67727,-26.38903,kandanga
AUS,marshall mountain,australia,MISSING_VAL,150.89345,-34.424,Wollongong
AUS,metricup,australia,MISSING_VAL,115.3455,-33.65249,Busselton
AUS,mooloolah,australia,MISSING_VAL,152.962122,-26.765037,mooloolah
AUS,moorabool,australia,MISSING_VAL,144.29649,-38.07501,moorabool
AUS,muchea,australia,MISSING_VAL,115.9780989,-31.5799588,muchea
AUS,north arm,australia,MISSING_VAL,152.9539177,-26.5152754,north arm
AUS,palm grove,australia,MISSING_VAL,151.311454,-33.326275,palm grove
AUS,pinkenba,australia,MISSING_VAL,153.02809,-27.46794,Brisbane
AUS,prahran east,australia,MISSING_VAL,144.96332,-37.814,Melbourne
AUS,prairie,australia,MISSING_VAL,144.233,-36.3,prairie
AUS,rosevears,australia,MISSING_VAL,147.017,-41.317,rosevears 
AUS,rous mill,australia,MISSING_VAL,153.383,-28.883,rous mill
AUS,saint lucia,australia,MISSING_VAL,153.02809,-27.46794,Brisbane
AUS,somerton,australia,MISSING_VAL,144.96332,-37.814,Melbourne
AUS,triabunna,australia,MISSING_VAL,147.9086061,-42.5079159,triabunna
AUS,victoria valley,australia,MISSING_VAL,142.3307589,-37.541852,victoria valley
AUS,wamberal north,australia,MISSING_VAL,151.45,-33.4,wamberal
AUS,weston creek,australia,MISSING_VAL,149.12807,-35.28346,Canberra
AUS,yarra,australia,MISSING_VAL,149.72086,-34.75155,Goulburn
AUT,giessenberg,austria,MISSING_VAL,4.8906273,51.8503556,gressenberg
AUT,lebring,austria,MISSING_VAL,15.5206,46.8471,Lebring-Sankt Margarethen
AUT,reidling,austria,MISSING_VAL,12.6,48.8,reidling
BEL,bruyelle,belgium,MISSING_VAL,3.4492,50.56765,Antoing
BEL,ghislenghien,belgium,MISSING_VAL,3.77801,50.62937,Ath
BEL,attre,belgium,MISSING_VAL,3.858146,50.596165,Brugelette
BEL,eigenstraat,belgium,MISSING_VAL,,,
BEL,laeken,belgium,MISSING_VAL,4.34878,50.85045,Brussels
BEL,rollé,belgium,MISSING_VAL,6.3333,46.4667,Rollé
BEL,trahegnies,belgium,MISSING_VAL,4.165900.,50.41218,Binche
BGD,gazipur,bangladesh,MISSING_VAL,90.4195876,23.9917345,gazipur
BGD,mirpur,bangladesh,MISSING_VAL,90.40744,23.7104,Dhaka
BHR,`ali,bahrain,MISSING_VAL,50.5161464,26.1636893,A'ali
BRA,minas gerais,brazil,WRONG,,,
BRA,brasil,brazil,MISSING_VAL,-46.63611,-23.5475,São Paulo
BRA,ribeirão prêto,brazil,MISSING_VAL,-47.81028,-21.1775,Ribeirao Preto
BRA,balneário de camboriú,brazil,MISSING_VAL, -48.63472,-26.99056,Balneário Camboriú
BRA,são josé do rio prêto,brazil,MISSING_VAL,-49.37944,-20.81972,são josé do rio prêto
BRA,botafogo,brazil,MISSING_VAL,-43.196388,-22.908333,Rio De Janeiro
BRA,brasilândia,brazil,MISSING_VAL,-46.63611,-23.5475,São Paulo
BRA,braz,brazil,MISSING_VAL,-46.63611,-23.5475,São Paulo
BRA,centro,brazil,MISSING_VAL,-43.196388,-22.908333,Rio De Janeiro
BRA,comércio,brazil,MISSING_VAL,-38.51083,-12.97111,Bahia
BRA,copacabana,brazil,MISSING_VAL,-43.196388,-22.908333,Rio De Janeiro
BRA,divinolândia,brazil,MISSING_VAL,-46.63611,-23.5475,São Paulo
BRA,munhoz de melo,brazil,MISSING_VAL,-51.767,-23.133,munhoz de melo
BRA,piumhi,brazil,MISSING_VAL,-45.9457,-20.4618,piumhi
BRA,salesópolis,brazil,MISSING_VAL,-46.63611,-23.5475,São Paulo
BRA,são miguel do oeste,brazil,MISSING_VAL,-53.5181,-26.7258,são miguel do oeste
BRA,mato grosso,brazil,WRONG,,,
BRA,paraná,brazil,WRONG,,,
BRA,santa catarina,brazil,WRONG,,,
BRA,são vicente de minas,brazil,MISSING_VAL,-44.4458058,-21.7019654,são vicente de minas
BRA,sapucaí,brazil,MISSING_VAL,-56.4,-22.817,sapucaí
BRA,seberi,brazil,MISSING_VAL,-53.4,-27.483,seberi
BRA,argentina,brazil,WRONG,-58.37723,-34.61315,Buenos Aires
BRA,chile,brazil,WRONG,,,
CAN,north york,canada,MISSING_VAL,-79.4163,43.70011,Toronto
CAN,nisku,canada,MISSING_VAL,-113.5184525,53.3152167,Nisku
CAN,chicoutimi,canada,MISSING_VAL,-71.06573,48.41675,Saguenay
CAN,saint-hubert,canada,MISSING_VAL,-73.510712,45.536945,"Longueuil,"
CAN,mahone bay,canada,MISSING_VAL,-64.38205,44.5,mahone bay
CAN,saint laurent,canada,MISSING_VAL,-73.58781,45.50884,Montreal
CAN,thetford mines,canada,MISSING_VAL,-71.30539,46.09371,thetford mines
CAN,almonte,canada,MISSING_VAL,-76.19406,45.225565,almonte
CAN,anjou,canada,MISSING_VAL,-73.58781,45.50884,Montreal
CAN,apsley,canada,MISSING_VAL,-78.086952,44.753754,apsley
CAN,ayer's cliff,canada,MISSING_VAL,72.039167,45.167873,ayer's cliff
CAN,beamsville,canada,MISSING_VAL,-79.484901,43.139229,Lincoln
CAN,belledune,canada,MISSING_VAL,-65.8569,47.8562,belledune
CAN,bowden,canada,MISSING_VAL,-114.0333,51.9333,bowden
CAN,bridge lake,canada,MISSING_VAL,-120.746158,51.501742,bridge lake
CAN,bruederheim,canada,MISSING_VAL,-112.9265856,53.8034986,Bruderheim
CAN,bryson,canada,MISSING_VAL, -76.6213494,45.6785661,bryson
CAN,chesterville,canada,MISSING_VAL,-75.2287886,45.1022941,chesterville
CAN,downsview,canada,MISSING_VAL,-79.4163,43.70011,Toronto
CAN,dundas,canada,MISSING_VAL,-79.84963,43.25011,Hamilton
CAN,elmira,canada,MISSING_VAL,-80.562985,43.600407 ,elmira
CAN,flesherton,canada,MISSING_VAL,-80.550416,44.261851,flesherton
CAN,glenboro,canada,MISSING_VAL,-99.2891025,49.5580017,glenboro
CAN,great village,canada,MISSING_VAL,-63.6,45.417,great village
CAN,haliburton,canada,MISSING_VAL,-78.506823,45.0472,haliburton
CAN,iona,canada,MISSING_VAL,-81.4099,42.7087,iona
CAN,jordan,canada,MISSING_VAL,-79.484901,43.139229,Lincoln
CAN,lachine,canada,MISSING_VAL,-73.58781,45.50884,Montreal
CAN,lasalle,canada,MISSING_VAL,-73.58781,45.50884,Montreal
CAN,manotick,canada,MISSING_VAL,-75.69812,45.41117,Ottawa
CAN,meteghan,canada,MISSING_VAL,-66.15,44.183,meteghan
CAN,minden,canada,MISSING_VAL,-78.725375,44.9271767,minden
CAN,mitchell,canada,MISSING_VAL,-81.191058,43.468827,mitchell
CAN,naicam,canada,MISSING_VAL,-104.5,52.4167,naicam
CAN,orleans,canada,MISSING_VAL,-75.69812,45.41117,Ottawa
CAN,outremont,canada,MISSING_VAL,-73.58781,45.50884,Montreal
CAN,pain court,canada,MISSING_VAL,-82.305,42.4058,pain court
CAN,peers,canada,MISSING_VAL,-115.983,53.667,peers
CAN,puslinch,canada,MISSING_VAL,-80.097349,43.432922,puslinch
CAN,river john,canada,MISSING_VAL,-63.057849,45.750264,river john
CAN,rivière-des-prairies,canada,MISSING_VAL,-73.58781,45.50884,Montreal
CAN,roma,canada,MISSING_VAL,-99.12766,19.42847,Mexico City
CAN,saint jacobs,canada,MISSING_VAL,-80.38733178,43.53366453,Woolwich
CAN,sainte-angèle-de-mérici,canada,MISSING_VAL,-68.0833,48.5333,sainte-angèle-de-mérici
CAN,sainte-clotilde-de-châteauguay,canada,MISSING_VAL,-73.64388889,45.13833333,sainte-clotilde-de-châteauguay
CAN,sainte-florence,canada,MISSING_VAL,-67.232376,48.266466,sainte-florence
CAN,saint-lambert,canada,MISSING_VAL,-73.51667,45.5,saint-lambert
CAN,saint-nicolas,canada,MISSING_VAL,-71.24646,46.738228,Lévis
CAN,saint-ubalde,canada,MISSING_VAL,-72.2666667,46.75,saint-ubalde
CAN,senlac,canada,MISSING_VAL,-109.7,52.5,senlac
CAN,south west margaree,canada,MISSING_VAL,-61.093486,46.3359383,south west margaree
CAN,stayner,canada,MISSING_VAL,-80.095939,44.418376,stayner
CAN,stoney creek,canada,MISSING_VAL,-79.84963,43.25011,Hamilton
CAN,timberlea,canada,MISSING_VAL,-63.57291,44.6464,Halifax
CAN,trois-pistoles,canada,MISSING_VAL,-69.18,48.119999,trois-pistoles
CAN,vanscoy,canada,MISSING_VAL,-106.852689,51.9463767,vanscoy
CAN,waterdown,canada,MISSING_VAL,-79.84963,43.25011,Hamilton
CAN,watson,canada,MISSING_VAL,-128.70893,60.06349,watson
CAN,westbank,canada,MISSING_VAL,-119.58333,49.8625,West Kelowna
CAN,wheatley,canada,MISSING_VAL,-82.4619444,42.0938889,wheatley
CAN,whitby,canada,MISSING_VAL,-78.933,43.867,whitby
CHE,ittingen,switzerland,MISSING_VAL,7.44744,46.94809,Bern
CHE,kemptthal,switzerland,MISSING_VAL,8.55,47.36667,Zurich
CHE,obersaxen,switzerland,MISSING_VAL, 9.1191666666667,46.75638889,Obersaxen Mundaun
CHE,büren an der aare,switzerland,MISSING_VAL,7.3748,47.1396,Büren an der Aare
CHE,châtelard,switzerland,MISSING_VAL,6.957,46.0625,châtelard
CHE,courtedoux,switzerland,MISSING_VAL,7.0422,47.4092,courtedoux
CHE,crans,switzerland,MISSING_VAL,7.4824,46.3119,Crans-Montana
CHE,däniken,switzerland,MISSING_VAL,7.9822,47.3549,däniken
CHE,döttingen,switzerland,MISSING_VAL,8.2588,47.5708,döttingen
CHE,eggenwil,switzerland,MISSING_VAL,8.3402,47.3702,eggenwil
CHE,eglisau,switzerland,MISSING_VAL,8.522,47.5762,eglisau
CHE,gettnau,switzerland,MISSING_VAL,7.9725,47.1413,gettnau
CHE,hätzingen,switzerland,MISSING_VAL,9.0374,46.9616,hätzingen
CHE,hauptwil,switzerland,MISSING_VAL,9.2514,47.4796,hauptwil
CHE,hendschiken,switzerland,MISSING_VAL,8.2193,47.3857,hendschiken
CHE,hermetschwil,switzerland,MISSING_VAL,8.3411,47.3308,Hermetschwil-Staffeln
CHE,madulein,switzerland,MISSING_VAL,9.9385,46.5865,madulein
CHE,manno,switzerland,MISSING_VAL,8.9194,46.0343,manno
CHE,maur,switzerland,MISSING_VAL,8.6697,47.3405,maur
CHE,montricher,switzerland,MISSING_VAL,6.3759,46.5998,montricher
CHE,quartino,switzerland,MISSING_VAL,8.8519,46.1464,Magadino
CHE,rekingen,switzerland,MISSING_VAL,8.3218,47.5698,rekingen
CHE,roschach,switzerland,MISSING_VAL,9.4917,47.4789,roschach
CHE,saint-aubin,switzerland,MISSING_VAL,6.7706,46.893,saint-aubin
CHE,seewes,switzerland,MISSING_VAL,8.633,47.017,seewis
CHE,siviriez,switzerland,MISSING_VAL,6.8777,46.6585,Siviriez
CHE,steinhaus,switzerland,MISSING_VAL,8.1784,46.4225,steinhaus
CHE,tschiertschen,switzerland,MISSING_VAL,9.6073,46.8153,tschiertschen
CHE,ziegelbrücke,switzerland,MISSING_VAL,9.05,47.1333333,Niederurnen
CHL,las condes,chile,MISSING_VAL,-70.64827,-33.45694,Santiago
CHL,vitacura,chile,MISSING_VAL,-70.64827,-33.45694,Santiago
CHL,lo barnechea,chile,MISSING_VAL,-70.64827,-33.45694,Santiago
CHL,nancagua,chile,MISSING_VAL,-70.74444,-34.17083,Rancagua
CHL,nunoa,chile,MISSING_VAL,-70.64827,-33.45694,Santiago
CHL,ñuñoa,chile,MISSING_VAL,-70.64827,-33.45694,Santiago
CHL,quilicura,chile,MISSING_VAL,-70.7130776,-33.3701366,quilicura
CHL,san francisco de mostazal,chile,MISSING_VAL,-70.717,-33.983,san francisco de mostazal
CHN,shandong,china,WRONG,,,
CHN,xinjiang,china,WRONG,,,
CHN,yünnan,china,WRONG,,,
CHN,taiwan,china,MISSING_VAL,121.53185,25.04776,Taipei
CHN,changshan,china,MISSING_VAL,118.874375,28.93581,Quzhou
CHN,yubei,china,MISSING_VAL,106.55771,29.56026,Chongqing
CHN,changshushi,china,MISSING_VAL,120.59538,31.30408,Suzhou
CHN,jintan,china,MISSING_VAL,119.95401,31.77359,Changzhou
CHN,nanshanqu,china,MISSING_VAL,114.0683,22.54554,Shenzhen
CHN,baqiao,china,MISSING_VAL,108.92861,34.25833,Xi'an
CHN,huairou,china,MISSING_VAL,116.39723,39.9075,Beijing
CHN,kungming,china,MISSING_VAL,102.71833,25.03889,Kunming
CHN,pudong,china,MISSING_VAL,121.45806,31.22222,Shanghai
CHN,changxing,china,MISSING_VAL,120.0933,30.8703,Huzhou
CHN,changyang,china,MISSING_VAL,116.39723,39.9075,Beijing
CHN,chibi,china,MISSING_VAL,113.633,29.883,chibi
CHN,chüanyang,china,MISSING_VAL,126.56028,43.85083,Jilin city
CHN,chuxiong,china,MISSING_VAL,101.273575,25.192293,Chuxiong
CHN,dalin,china,MISSING_VAL,120.6014,22.58626,Dalin
CHN,dongtou,china,MISSING_VAL,120.66682,27.99942,Wenzhou
CHN,ganjingzi,china,MISSING_VAL,121.60222,38.91222,Dalian
CHN,guadong,china,MISSING_VAL,113.543873,22.198745,Macao
CHN,guoshui,china,MISSING_VAL,104.77689,29.34162,Zigong 
CHN,jiang,china,MISSING_VAL,119.90812,32.49069,Taizhou
CHN,jiangshu,china,MISSING_VAL,116.39723,39.9075,Beijing
CHN,jinyu,china,MISSING_VAL,106.55771,29.56026,Chongqing
CHN,minhou,china,MISSING_VAL,119.29153,26.07711,Fuzhou
CHN,miyun,china,MISSING_VAL,116.39723,39.9075,Beijing
CHN,nanchangshi,china,MISSING_VAL,115.85306,28.68396,nanchangshi
CHN,qiandao,china,MISSING_VAL,120.16142,30.29365,Hangzhou
CHN,qingpu,china,MISSING_VAL,121.45806,31.22222,Shanghai
CHN,qingtongxia,china,MISSING_VAL,106.212517.,37.983456,Wuzhong
CHN,shangjiezhen,china,MISSING_VAL,119.29153,26.07711,Fuzhou
CHN,shapingba,china,MISSING_VAL,106.55771,29.56026,Chongqing
CHN,shijingshan,china,MISSING_VAL,116.39723,39.9075,Beijing
CHN,shuangjia,china,MISSING_VAL,106.63092,26.6459,guizhou
CHN,tianxin,china,MISSING_VAL,112.939003,28.228001,Changshahsien
CHN,tongfa,china,MISSING_VAL,116.39723,39.9075,Beijing
CHN,wanchai,china,MISSING_VAL,114.177216,22.302711,Hong Kong
CHN,wangjing,china,MISSING_VAL,116.39723,39.9075,Beijing
CHN,wujiang,china,MISSING_VAL,120.59538,31.30408,Suzhou
CHN,yinzhou,china,MISSING_VAL,121.54945,29.87819,Ningbo
CHN,zhengjiang,china,MISSING_VAL,119.45508,32.21086,Zhengjiang
CHN,guangdong,china,WRONG,113.03333,23.7,Qingyuan
CHN,guangxi,china,WRONG,108.31667,22.81667,Nanning
CHN,hubei,china,WRONG,114.26667,30.58333,Wuhan
CHN,hunan,china,WRONG,121.45806,31.22222,Shanghai
CHN,ma,china,WRONG,-71.237755,42.28093,Needham
COG,kinshasa,congo,MISSING_VAL,15.307045,-4.322447,Kinshasa
COG,gombe,congo,MISSING_VAL,15.307045,-4.322447,Kinshasa
COG,kikwit,congo,MISSING_VAL,18.783857,-5.048736,Kikwit
COL,perú,colombia,WRONG,,,
COL,engativá,colombia,MISSING_VAL,-74.08175,4.60971,Bogotá
COL,méxico,colombia,WRONG,-99.12766,19.42847,Mexico City
CRI,argentina,costa rica,WRONG,,,
CRI,barrio escalante,costa rica,MISSING_VAL,-84.087502,9.934739,San José
CRI,pavas,costa rica,MISSING_VAL,-84.087502,9.934739,San José
CRI,puerto viejo,costa rica,MISSING_VAL,-82.7549412,9.6540146,puerto viejo
CRI,colorado,costa rica,WRONG,-107.812286,37.937492,Telluride
CYM,grand cayman,cayman islands,MISSING_VAL,-81.380694,19.339342,grand cayman
CYP,mesa geitonia,cyprus,MISSING_VAL,33.03794,34.68406,Limassol
CZE,brezina,czech republic,MISSING_VAL,16.7495226,49.281598,brezina
CZE,bubenec,czech republic,MISSING_VAL,14.42076,50.08804,Prague
CZE,ceska,czech republic,MISSING_VAL,,,
CZE,hloubetin,czech republic,MISSING_VAL,14.42076,50.08804,Prague
CZE,jenisov,czech republic,MISSING_VAL,12.8,50.233,jenisov
CZE,malesice,czech republic,MISSING_VAL,14.42076,50.08804,Prague
CZE,nusle,czech republic,MISSING_VAL,14.42076,50.08804,Prague
CZE,orlik,czech republic,MISSING_VAL,14.1655127,49.5098791,Orlík nad Vltavou
CZE,pustkovec,czech republic,MISSING_VAL,18.262524,49.820923,Ostrava
CZE,ritka,czech republic,MISSING_VAL,14.42076,50.08804,Prague
CZE,tetcice,czech republic,MISSING_VAL,16.383,49.167,tetcice
CZE,zlata,czech republic,MISSING_VAL,14.42076,50.08804,Prague
DEU,england,germany,WRONG,,,
DEU,wildau,germany,MISSING_VAL,13.6152,52.317,Wildau 
DEU,braunshausen,germany,MISSING_VAL,8.667,51.117,braunshausen
DEU,büttel,germany,MISSING_VAL,9.233,53.9,büttel
DEU,deutsch,germany,MISSING_VAL,,,
DEU,gallin,germany,MISSING_VAL,12.117,53.517,gallin
DEU,gartenfeld,germany,MISSING_VAL,13.25,52.55,gartenfeld
DEU,grub am forst,germany,MISSING_VAL,11.022209,50.227802,grub am forst
DEU,henstedt-ulzburg,germany,MISSING_VAL,9.97979,53.79132,henstedt-ulzburg
DEU,hergolding,germany,MISSING_VAL,11.775361,48.105661,Vaterstetten
DEU,holbeck,germany,MISSING_VAL,52.0486861,13.2760795,holbeck
DEU,industriehof,germany,MISSING_VAL,8.682127,50.110924,Frankfurt
DEU,kirchohsen,germany,MISSING_VAL,9.3926,52.0438,kirchohsen
DEU,ludwigshafen am rhein-oggersheim,germany,MISSING_VAL,8.383179,49.487932,ludwigshafen am rhein-oggersheim
DEU,martinsried,germany,MISSING_VAL,11.57549,48.13743,Munich
DEU,monaco,germany,MISSING_VAL,11.57549,48.13743,Munich
DEU,münchsried,germany,MISSING_VAL,11.933333,49.066667,münchsried
DEU,neuhausen ob eck,germany,MISSING_VAL,8.9333,47.9667,neuhausen ob eck
DEU,oestrich-winkel,germany,MISSING_VAL,8.015225,50.003091,oestrich-winkel
DEU,ohrdruf,germany,MISSING_VAL,10.733,50.817,ohrdruf
DEU,pavelsbach,germany,MISSING_VAL,11.34381,49.26439,pavelsbach
DEU,hessen,germany,WRONG,,,
DNK,københoved,denmark,MISSING_VAL,9.13795,55.48117,Vejen
DNK,brønshøj,denmark,MISSING_VAL,12.56553,55.67594,Copenhagen
DNK,foulum,denmark,MISSING_VAL,9.40201,56.45319,Viborg
DNK,føvling,denmark,MISSING_VAL,9.61306,55.93626,føvling
DNK,hellerup,denmark,MISSING_VAL,12.56553,55.67594,Copenhagen
DNK,karlslunde,denmark,MISSING_VAL,12.3,55.58333,Greve
DNK,kastrup,denmark,MISSING_VAL,12.56553,55.67594,Copenhagen
DNK,kirke-hyllinge,denmark,MISSING_VAL,11.898322,55.705608,Kirke Hyllinge
DNK,mollerup,denmark,MISSING_VAL,10.21076,56.15674,aarhus
DNK,oddense,denmark,MISSING_VAL,8.99870795,56.653872,oddense
DNK,risskov,denmark,MISSING_VAL,10.21076,56.15674,aarhus
DNK,skødstrup,denmark,MISSING_VAL,10.21076,56.15674,aarhus
DNK,søborg,denmark,MISSING_VAL,12.56553,55.67594,Copenhagen
DZA,jijel,algiers,MISSING_VAL,5.76671,36.82055,Jijel
ECU,cumbayá,ecuador,MISSING_VAL,-78.52495,-0.22985,Quito
ECU,españa,ecuador,WRONG,-118.24368,34.05223,Los Angeles
ECU,guayas,ecuador,WRONG,-79.90795,-2.20584,Guayaquil
EGY,heliopolis,egypt,MISSING_VAL,31.24967,30.06263,Cairo
EGY,el fayoum city,egypt,MISSING_VAL,30.840399,29.3073424,Faiyum
EGY,sadat city,egypt,MISSING_VAL,30.500278,30.375,sadat city
ESP,donostia-san sebastián,spain,MISSING_VAL,-1.993332,43.312691,San Sebastián
ESP,noáin,spain,MISSING_VAL,-1.64323,42.81687,Pamplona
ESP,rafelbuñol,spain,MISSING_VAL,-0.37739,39.46975,Valencia
ESP,espinardo,spain,MISSING_VAL,-1.13004,37.98704,Murcia
ESP,albatarrech,spain,MISSING_VAL,0.6074,41.5734,albatarrec
ESP,almacellas,spain,MISSING_VAL,0.442,41.7287,Almacelles
ESP,almanzora,spain,MISSING_VAL,2.1364,37.3488,almanzora
ESP,arce,spain,MISSING_VAL,-1.3481,42.871,arce
ESP,barinas,spain,MISSING_VAL,-1.058,38.2729,barinas
ESP,cizur menor,spain,MISSING_VAL,-1.677,42.7865,cizur menor
ESP,el espín,spain,MISSING_VAL,-6.7287,43.5422,el espín
ESP,el mirador,spain,MISSING_VAL,-0.8538,0.8538,el mirador
ESP,espina,spain,MISSING_VAL,-6.3343,43.3959,espina
ESP,hontoria,spain,MISSING_VAL,-4.9113,43.4468,hontoria
ESP,imárcoain,spain,MISSING_VAL,-1.6179,42.7386,imárcoain
ESP,izarza,spain,MISSING_VAL,-2.5585,42.7808,izarza
ESP,llissá de vall,spain,MISSING_VAL,2.2397,41.5832,llissá de vall
ESP,marcón,spain,MISSING_VAL,-8.6176,42.4145,marcón
ESP,mutilva baja,spain,MISSING_VAL,-1.6214,42.7926,mutilva baja
ESP,palanquinos,spain,MISSING_VAL,-5.5061,42.4569,palanquinos
ESP,premiá de mar,spain,MISSING_VAL,2.15899,41.38879,Barcelona
ESP,ribafrecha,spain,MISSING_VAL,-2.3885,42.357,ribafrecha
ESP,ríudoms,spain,MISSING_VAL,1.0548,41.1387,ríudoms
ESP,roldán,spain,MISSING_VAL,-1.1307,37.9922,Murcia
ESP,san felíu de llobregat,spain,MISSING_VAL,2.15899,41.38879,Barcelona
ESP,san ginés,spain,MISSING_VAL,-3.70256,40.4165,Madrid
ESP,san pablo,spain,MISSING_VAL,-0.87734,41.65606,Zaragoza
ESP,san ramón,spain,MISSING_VAL,1.363189,41.7253374,san ramón
ESP,tórtola,spain,MISSING_VAL,-3.1259,40.706,Tórtola de Henares
ESP,vallecas,spain,MISSING_VAL,-3.70256,40.4165,Madrid
ESP,varea,spain,MISSING_VAL,-2.4079,42.4626,varea
ESP,vizmalo,spain,MISSING_VAL,-4.1005,42.1659,vizmalo
ESP,álava,spain,WRONG,2.6732,42.8532,Vitoria-Gasteiz
ESP,costa,spain,WRONG,-1.8001,43.3708,Canned Hondarribia
EST,randvere,estonia,MISSING_VAL,24.9044109,59.5067379,randvere
FIN,eckerö,finland,MISSING_VAL,19.61442,60.21249,eckerö
FIN,fiskars,finland,MISSING_VAL,23.4355071,59.9744373,Raseborg
FIN,haveri,finland,MISSING_VAL,22.6726369,60.8008867,haveri
FIN,itä-aure,finland,MISSING_VAL,23.4424624,62.0460721,itä-aure
FIN,röölä,finland,MISSING_VAL,21.9667,60.35,röölä
FIN,toivala,finland,MISSING_VAL,27.6979128,62.9807135,Vuorela
FIN,vaajakoski,finland,MISSING_VAL,25.747257, 62.242603, Jyväskylä
FIN,polska,finland,WRONG,-3.70256,40.4165,Madrid
FIN,uusimaa,finland,WRONG,24.6522,60.2052,Espoo
FIN,västra,finland,WRONG,-100.16068,40.92945,Gothenburg
FRA,avoudrey,france,MISSING_VAL,6.43,47.13,avoudrey
FRA,bazarnes,france,MISSING_VAL,3.664,47.66,bazarnes
FRA,bourgthéroulde,france,MISSING_VAL,0.873,49.296,bourgthéroulde
FRA,bréhan-loudéac,france,MISSING_VAL,-2.686,48.061,Bréhan 
FRA,champdor,france,MISSING_VAL,5.596,46.019,Champdor-Corcelles
FRA,champfleury,france,MISSING_VAL,4.0167,49.2,champfleury
FRA,chastel-sur-murat,france,MISSING_VAL,2.86,45.11,chastel-sur-murat
FRA,clermont-l'herault,france,MISSING_VAL,3.429495,43.62759,clermont-l'herault
FRA,combleux,france,MISSING_VAL,1.991,47.9,combleux
FRA,coole,france,MISSING_VAL,2.3488,48.85341,Paris
FRA,deyme,france,MISSING_VAL,1.5333,43.479,deyme
FRA,épaux-bézu,france,MISSING_VAL,3.35,49.1,épaux-bézu
FRA,gaussan,france,MISSING_VAL,0.48,43.23,gaussan
FRA,géfosse-fontenay,france,MISSING_VAL,-1.094,49.357,géfosse-fontenay
FRA,gellainville,france,MISSING_VAL,1.5333,48.4,gellainville
FRA,gilly-lès-cîteaux,france,MISSING_VAL,4.980029,47.172582,gilly-lès-cîteaux
FRA,gohory,france,MISSING_VAL,1.23,48.16,gohory
FRA,gouy-saint-andré,france,MISSING_VAL,1.898,50.373,gouy-saint-andré
FRA,haut-mauco,france,MISSING_VAL,-0.55,43.827,haut-mauco
FRA,ivory,france,MISSING_VAL,5.857,46.911,ivory
FRA,lavaud,france,MISSING_VAL,1.511,45.193,Ussac
FRA,le puy-en velay,france,MISSING_VAL,3.88523,45.04366,le puy-en velay
FRA,les cerqueux,france,MISSING_VAL,0.639,46.999,les cerqueux
FRA,les hauts-saint-jean,france,MISSING_VAL,4.84671,45.74846,Lyon
FRA,levernois,france,MISSING_VAL,4.874,46.992,levernois
FRA,l'ile-saint-denis,france,MISSING_VAL,2.306587,48.950211,l'ile-saint-denis
FRA,loupiac-de-la-réole,france,MISSING_VAL,0.045,44.551,loupiac-de-la-réole
FRA,montauban-de-picardie,france,MISSING_VAL,2.779,50.006,montauban-de-picardie
FRA,montbartier,france,MISSING_VAL,1.272,43.916,montbartier
FRA,murlin,france,MISSING_VAL,3.18,47.2,murlin
FRA,normandel,france,MISSING_VAL,0.714,48.647,normandel
FRA,panon,france,MISSING_VAL,0.3,48.33,panon
FRA,penthièvre,france,MISSING_VAL,-3.134793,47.555709,penthièvre
FRA,pineuilh,france,MISSING_VAL,0.236,44.825,pineuilh
FRA,pont-de-l'isere,france,MISSING_VAL,4.872,45.005,pont-de-l'isere
FRA,potiers,france,MISSING_VAL,0.34,46.580002,poitiers
FRA,présilly,france,MISSING_VAL,6.076,46.094,présilly
FRA,puiseux-pontoise,france,MISSING_VAL,2.022,49.057,puiseux-pontoise
FRA,quercamps,france,MISSING_VAL,2.09476,50.749,quercamps
FRA,réparsac,france,MISSING_VAL,-0.23,45.73,réparsac
FRA,saint-barthélemy-le-plain,france,MISSING_VAL,4.749,45.055,saint-barthélemy-le-plain
FRA,saint-benoît-des-ondes,france,MISSING_VAL,-1.853162,48.620032,saint-benoît-des-ondes
FRA,saint-bonnet-de-four,france,MISSING_VAL,2.912,46.313,saint-bonnet-de-four
FRA,saint-flovier,france,MISSING_VAL,1.03,46.968,saint-flovier
FRA,saint-jal,france,MISSING_VAL,1.644,45.396,saint-jal
FRA,saint-martin-d'uriage,france,MISSING_VAL,5.839,45.152,saint-martin-d'uriage
FRA,saulgond,france,MISSING_VAL,0.783,45.951,saulgond
FRA,talmont,france,MISSING_VAL,1.617,46.467,talmont
FRA,tincques,france,MISSING_VAL,2.492,50.359,tincques
FRA,val-de-roulans,france,MISSING_VAL,6.2297,47.3169,val-de-roulans
FRA,vendenesse-lès-charolles,france,MISSING_VAL,4.33,46.45,vendenesse-lès-charolles 
FRA,venon,france,MISSING_VAL,5.8,45.16,venon
FRA,vilhonneur,france,MISSING_VAL,0.419,45.682,vilhonneur
FRA,villeneuve-de-duras,france,MISSING_VAL,0.237,44.741,villeneuve-de-duras
FRA,villette-sur-aube,france,MISSING_VAL,4.101,48.535,villette-sur-aube
FRA,vindey,france,MISSING_VAL,3.712,48.7,vindey
GBR,covent garden,united kingdom,MISSING_VAL,-0.12574,51.50853,London
GBR,harborough,united kingdom,MISSING_VAL,-0.921517,52.475769,Market Harborough
GBR,newyork,united kingdom,MISSING_VAL,-74.00597,40.71427,New York
GBR,shoreditch,united kingdom,MISSING_VAL,-0.12574,51.50853,London
GBR,west burton,united kingdom,MISSING_VAL,-0.945503,53.321356,Retford
GBR,alderley park,united kingdom,MISSING_VAL,-2.1193,53.2587,Macclesfield
GBR,aldermaston,united kingdom,MISSING_VAL,-1.1533,51.3838,aldermaston
GBR,augher,united kingdom,MISSING_VAL,-7.1323,54.4279,augher
GBR,brimpton,united kingdom,MISSING_VAL,-1.1995,51.3794,brimpton
GBR,chaddesden,united kingdom,MISSING_VAL,-1.47663,52.92277,Derby
GBR,chewton mendip,united kingdom,MISSING_VAL,-2.5775,51.2764,chewton mendip
GBR,church tysoe,united kingdom,MISSING_VAL,-1.5076,52.091,Upper Tysoe
GBR,corwen,united kingdom,MISSING_VAL,-3.3692,52.9801,corwen
GBR,devonport,united kingdom,MISSING_VAL,-4.14305,50.37153,Plymouth
GBR,dinas powys,united kingdom,MISSING_VAL,-3.2158,51.4338,dinas powys
GBR,dishforth,united kingdom,MISSING_VAL,-1.4098,54.1518,dishforth
GBR,east malling,united kingdom,MISSING_VAL,0.44,51.2874,east malling
GBR,exbury,united kingdom,MISSING_VAL,-1.3963,50.8006,exbury
GBR,goathurst,united kingdom,MISSING_VAL,-3.0644,51.1014,goathurst
GBR,hackbridge,united kingdom,MISSING_VAL,-0.12574,51.50853,London
GBR,heathrow,united kingdom,MISSING_VAL,-0.12574,51.50853,London
GBR,hersham,united kingdom,MISSING_VAL,-0.4008,51.368,hersham
GBR,horndean,united kingdom,MISSING_VAL,-1.0017,50.9151,horndean
GBR,itchenor,united kingdom,MISSING_VAL,-0.8665,50.8065,West Itchenor
GBR,ketley,united kingdom,MISSING_VAL,-2.4807,52.696,ketley
GBR,kew gardens,united kingdom,MISSING_VAL,-0.12574,51.50853,London
GBR,kirklington,united kingdom,MISSING_VAL,-1.5131,54.2255,kirklington
GBR,llantarnam,united kingdom,MISSING_VAL,-3.0318,51.6497,Cwmbran
GBR,loughgall,united kingdom,MISSING_VAL,-6.6029,54.4094,loughgall
GBR,marton-in-cleveland,united kingdom,MISSING_VAL,-1.207,54.5386,marton-in-cleveland
GBR,marylebone,united kingdom,MISSING_VAL,-0.12574,51.50853,London
GBR,mayfair,united kingdom,MISSING_VAL,-0.12574,51.50853,London
GBR,medstead,united kingdom,MISSING_VAL,-1.0603,51.1284,medstead
GBR,melmerby,united kingdom,MISSING_VAL,-2.5994,54.7313,melmerby
GBR,napton on the hill,united kingdom,MISSING_VAL,-1.3184,52.2485,napton on the hill
GBR,newby,united kingdom,MISSING_VAL,-2.6311,54.5862,newby
GBR,newhouse,united kingdom,MISSING_VAL,-3.9282,55.8319,newhouse
GBR,newton in makerfield,united kingdom,MISSING_VAL,-2.6351,53.4529,newton in makerfield
GBR,penmon,united kingdom,MISSING_VAL,-4.0588,53.3042,penmon
GBR,pitsford,united kingdom,MISSING_VAL,-0.8974,52.3043,pitsford
GBR,reeth,united kingdom,MISSING_VAL,-1.9428,54.3895,reeth
GBR,richmond upon thames,united kingdom,MISSING_VAL,-0.3037,51.4613,richmond upon thames
GBR,saint johns wood,united kingdom,MISSING_VAL,-0.12574,51.50853,London
GBR,scourie,united kingdom,MISSING_VAL,-5.1521,58.3518,scourie
GBR,southwark,united kingdom,MISSING_VAL,-0.12574,51.50853,London
GBR,stockbridge,united kingdom,MISSING_VAL,-1.4843,51.1166,stockbridge
GBR,stoke newington,united kingdom,MISSING_VAL,-0.12574,51.50853,London
GBR,sutton saint james,united kingdom,MISSING_VAL,-0.0736,52.7456,sutton saint james
GBR,swanley junction,united kingdom,MISSING_VAL,0.1773,51.3965,swanley
GBR,tabley,united kingdom,MISSING_VAL,-2.4192,53.3004,tabley
GBR,taplow,united kingdom,MISSING_VAL,-0.688,51.5322,taplow
GBR,towyn,united kingdom,MISSING_VAL,-3.5395,53.3022,towyn
GBR,tyseley,united kingdom,MISSING_VAL,-1.844,52.4509,tyseley
GBR,walton on the hill,united kingdom,MISSING_VAL,-0.2429,51.2835,walton on the hill
GBR,west acre,united kingdom,MISSING_VAL,-0.6358,52.7065,west acre
GBR,wethersfield,united kingdom,MISSING_VAL,0.4892,51.9535,wethersfield
GBR,whitkirk,united kingdom,MISSING_VAL,-1.4507,53.798,whitkirk
GBR,worminghall,united kingdom,MISSING_VAL,-0.81458,51.81665,Aylesbury
GEO,t'bilisi,georgia,MISSING_VAL,44.83368,41.69411,Tbilisi
GHA,ashaiman,ghana,MISSING_VAL,-0.1969,5.55602,Accra
GHA,kenyase,ghana,MISSING_VAL,-1.554766,6.741587,kenyase
GHA,ashanti,ghana,WRONG,0.478549,6.610149,Ho
GHA,base,ghana,WRONG,-2.509891,10.060074,Wa
GMB,kanifing,gambia,MISSING_VAL,-16.6733441,13.4540922,kanifing
GRC,mýkonos,greece,MISSING_VAL,25.32872,37.44529,Mykonos
HTI,port leogane,haiti,MISSING_VAL,-72.6337,18.5065,leogane
HUN,szarvasgede,hungary,MISSING_VAL,19.65,47.817,szarvasgede
HUN,szentgyörgyvár,hungary,MISSING_VAL,17.12427,46.79919,szentgyörgyvár
HUN,tiszaug,hungary,MISSING_VAL,20.0529,46.8537,tiszaug
IDN,bali,indonesia,WRONG,,,
IDN,banten,indonesia,WRONG,,,
IDN,kedoya selatan,indonesia,MISSING_VAL,106.84513,-6.21462,Jakarta
IDN,badung,indonesia,MISSING_VAL,115.2437,-8.4355,Kabupaten Badung
IDN,jakarta pusat,indonesia,MISSING_VAL,106.84513,-6.21462,Jakarta
IDN,cikini,indonesia,MISSING_VAL,106.84513,-6.21462,Jakarta
IDN,cipayung,indonesia,MISSING_VAL,106.84513,-6.21462,Jakarta
IDN,citraindah,indonesia,MISSING_VAL,,,
IDN,grogolpetamburan,indonesia,MISSING_VAL,106.84513,-6.21462,Jakarta
IDN,jalan,indonesia,MISSING_VAL,110.36472,-7.80139,Yogyakarta
IDN,mampangprapatan,indonesia,MISSING_VAL,106.84513,-6.21462,Jakarta
IDN,ngaliyan,indonesia,MISSING_VAL,110.318966 ,-6.99017,ngaliyan
IDN,pegangsaan,indonesia,MISSING_VAL,106.84513,-6.21462,Jakarta
IDN,pluit,indonesia,MISSING_VAL,106.84513,-6.21462,Jakarta
IDN,setiabudi,indonesia,MISSING_VAL,106.84513,-6.21462,Jakarta
IDN,srengseng,indonesia,MISSING_VAL,106.84513,-6.21462,Jakarta
IDN,tenggarong,indonesia,MISSING_VAL,116.989678,-0.432914,tenggarong
IDN,test,indonesia,MISSING_VAL,,,
IDN,japan,indonesia,WRONG,,,
IND,haryana,india,MISSING_VAL,28.457523,77.026344,Gurugram
IND,andheri,india,MISSING_VAL,72.88261,19.07283,Mumbai
IND,madhapur,india,MISSING_VAL,78.45636,17.38405,Hyderabad
IND,ghansoli,india,MISSING_VAL,72.88261,19.07283,Mumbai
IND,mahalaxmi,india,MISSING_VAL,72.88261,19.07283,Mumbai
IND,parel,india,MISSING_VAL,72.88261,19.07283,Mumbai
IND,whitefield,india,MISSING_VAL,77.59369,12.97194,Bengaluru
IND,anjuna,india,MISSING_VAL,73.7439438,15.5848651,anjuna
IND,begampet,india,MISSING_VAL,78.45636,17.38405,Hyderabad
IND,chanditala,india,MISSING_VAL,88.2668,22.6895,chanditala
IND,chinchwad,india,MISSING_VAL,73.7997,18.6298,chinchwad
IND,colaba,india,MISSING_VAL,72.88261,19.07283,Mumbai
IND,kakkad,india,MISSING_VAL,75.9383,11.0358,kakkad
IND,kormangala,india,MISSING_VAL,77.59369,12.97194,Bengaluru
IND,koti,india,MISSING_VAL,82.05,23.35,koti
IND,kottarakara,india,MISSING_VAL,76.7720205,9.0009187,kottarakara
IND,kuhi,india,MISSING_VAL,79.3677,21.0172,kuhi
IND,mahim,india,MISSING_VAL,72.839201,19.0393785,mahim
IND,majhitar,india,MISSING_VAL,88.5333,27.1833,majhitar
IND,nagaon,india,MISSING_VAL,92.6840426,26.3463713,nagaon
IND,purnea,india,MISSING_VAL,87.482185,25.771103,purnea
IND,rajim,india,MISSING_VAL,81.881,20.966,rajim
IND,verna,india,MISSING_VAL,73.917,15.35,verna
IND,vikhroli,india,MISSING_VAL,72.88261,19.07283,Mumbai
IND,vile parle,india,MISSING_VAL,72.88261,19.07283,Mumbai
IND,virugambakkam,india,MISSING_VAL,80.27847,13.08784,Chennai
IRL,clare,ireland,MISSING_VAL,-8.447515,52.808887,County Clare
IRL,ballintemple,ireland,MISSING_VAL,-8.47061,51.89797,Cork
IRL,ballybrack,ireland,MISSING_VAL,-6.24889,53.33306,Dublin
IRL,ballycurrane cross roads,ireland,MISSING_VAL,-7.1101,52.2593,
IRL,ballymount,ireland,MISSING_VAL,-6.24889,53.33306,Dublin
IRL,birdhill,ireland,MISSING_VAL,-8.4371,52.7675,birdhill
IRL,garristown,ireland,MISSING_VAL,-6.24889,53.33306,Dublin
IRL,kilmacthomas,ireland,MISSING_VAL,-7.4268,52.2055,kilmacthomas
IRL,louisburgh,ireland,MISSING_VAL,-9.8091,53.7631,louisburgh
IRL,louth,ireland,MISSING_VAL,-6.5406,53.9508,louth
IRL,mountshannon,ireland,MISSING_VAL,-8.4372,52.9361,mountshannon
IRL,portmagee,ireland,MISSING_VAL,-10.3619,51.8854,portmagee
IRL,stillorgan,ireland,MISSING_VAL,-6.2036,53.2878,stillorgan
IRN,bandar,"iran, islamic rep. of",MISSING_VAL,56.2884,27.1963,Bandar Abbas
ISL,bolungarvík,iceland,MISSING_VAL,-23.261709,66.151772,Bolungarvík
ISL,eyrarbakki,iceland,MISSING_VAL,-21.164399,63.866698,eyrarbakki
ISR,moshava,israel,WRONG,,,
ISR,kadima,israel,MISSING_VAL,34.9194,32.27782,Kadima-Zoran 
ISR,petah tiqva,israel,MISSING_VAL,34.8851,32.0866,Petah Tikva
ISR,ganshmuel,israel,MISSING_VAL,34.9885,32.81841,Haifa
ISR,gvat,israel,MISSING_VAL,34.9885,32.81841,Haifa
ISR,jezreel,israel,MISSING_VAL,,,
ISR,tel hay,israel,MISSING_VAL,33.242078,35.574142,Safed
ISR,`ein hahoresh,israel,MISSING_VAL,34.94,32.3859,`ein hahoresh
ISR,beit halevi,israel,MISSING_VAL,34.9304,32.3516,beit halevi
ISR,bet haemek,israel,MISSING_VAL,35.1453,32.971,bet haemek
ISR,dalia,israel,MISSING_VAL,35.077,32.5892,dalia
ISR,dan,israel,MISSING_VAL,35.654,33.2396,dan
ISR,dor,israel,MISSING_VAL,34.9233,32.6078,dor
ISR,glil yam,israel,MISSING_VAL,34.8319,32.1588,glil yam
ISR,goren,israel,MISSING_VAL,35.2336,33.0556,goren
ISR,hagoshrim,israel,MISSING_VAL,35.623,33.2215,hagoshrim
ISR,haniel,israel,MISSING_VAL,34.9477,32.3328,haniel
ISR,hatsor,israel,MISSING_VAL,34.7194,31.7727,hatsor
ISR,hogla,israel,MISSING_VAL,34.9243,32.3891,hogla
ISR,kefar hanagid,israel,MISSING_VAL,34.7487,31.8871,kefar hanagid
ISR,kinneret,israel,MISSING_VAL,35.5652,32.7238,kinneret
ISR,ma'alot,israel,MISSING_VAL,35.276,33.015,Ma'alot-Tarshiha
ISR,magshimim,israel,MISSING_VAL,34.8998,32.0444,magshimim
ISR,megiddo,israel,MISSING_VAL,35.18,32.5779,megiddo
ISR,megido,israel,MISSING_VAL,35.18,32.5779,megiddo
ISR,mishmar david,israel,MISSING_VAL,34.9007,31.8236,Mishmar David
ISR,omez,israel,MISSING_VAL,34.9931,32.3692,omez
ISR,pardes hanna,israel,MISSING_VAL,34.9742,32.4728,pardes hanna karkur
ISR,pardes hanna karkur,israel,MISSING_VAL,34.9742,32.4728,pardes hanna karkur
ISR,yakum,israel,MISSING_VAL,34.8419,32.2492,yakum
ITA,lombardi,italy,WRONG,,,
ITA,piemonte,italy,WRONG,,,
ITA,veneto,italy,WRONG,11.9282,45.6717,Castelfranco Veneto
ITA,reggio nell emilia,italy,MISSING_VAL,10.633333,44.700001,Reggio Emilia
ITA,raggio,italy,MISSING_VAL,10.633333,44.700001,Reggio Emilia
ITA,arma di taggia,italy,MISSING_VAL,7.854,43.8622,arma di taggia
ITA,canossa,italy,MISSING_VAL,10.4551,44.5751,canossa
ITA,cazzano,italy,MISSING_VAL,9.8821,45.8111,Cazzano Sant'Andrea
ITA,francesco,italy,MISSING_VAL,7.26608,43.70313,Nice
ITA,gron,italy,MISSING_VAL,12.0893,46.1416,gron
ITA,marghera,italy,MISSING_VAL,12.33265,45.43713,Venice
ITA,mensa,italy,MISSING_VAL,12.2265,44.2254,mensa
ITA,moniga,italy,MISSING_VAL,10.5346,45.5266,Moniga del Garda
ITA,pontelungo,italy,MISSING_VAL,10.9079,43.9303,Pistoia
ITA,santa croce sull' arno,italy,MISSING_VAL,10.4036,43.70853,Pisa
JAM,isle,jamaica,WRONG,-4.5481,54.2361,Isle of Man 
JPN,hyogo,japan,WRONG,,,
JPN,miyagi,japan,WRONG,,,
JPN,setagaya,japan,MISSING_VAL,139.69171,35.6895,Tokyo
JPN,akasaka,japan,MISSING_VAL,139.69171,35.6895,Tokyo
JPN,shinjuku,japan,MISSING_VAL,139.69171,35.6895,Tokyo
JPN,ginza,japan,MISSING_VAL,139.69171,35.6895,Tokyo
JPN,hakata,japan,MISSING_VAL,130.41667,33.6,Fukuoka
JPN,kanagawa,japan,MISSING_VAL,139.65,35.43333,yokohama-shi
JPN,koto,japan,MISSING_VAL,139.69171,35.6895,Tokyo
JPN,minami-aoyama,japan,MISSING_VAL,139.69171,35.6895,Tokyo
JPN,higashi-shinagawa,japan,MISSING_VAL,139.69171,35.6895,Tokyo
JPN,kami-meguro,japan,MISSING_VAL,139.69171,35.6895,Tokyo
JPN,kita,japan,MISSING_VAL,139.69171,35.6895,Tokyo
JPN,roppongi,japan,MISSING_VAL,139.69171,35.6895,Tokyo
JPN,toshima,japan,MISSING_VAL,139.69171,35.6895,Tokyo
JPN,sumida,japan,MISSING_VAL,139.69171,35.6895,Tokyo
JPN,akashicho,japan,MISSING_VAL,139.69171,35.6895,Tokyo
JPN,bandai-cho,japan,MISSING_VAL,139.9887,37.5621,bandai
JPN,ebisu,japan,MISSING_VAL,139.69171,35.6895,Tokyo
JPN,fukui,japan,MISSING_VAL,136.2196,36.0641,fukui
JPN,harajuku,japan,MISSING_VAL,139.839478,35.65283,Shibuya
JPN,horinouchi,japan,MISSING_VAL,139.69171,35.6895,Tokyo
JPN,izumimachi,japan,MISSING_VAL,130.69181,32.80589,Kumamoto
JPN,kichijoji,japan,MISSING_VAL,139.69171,35.6895,Tokyo
JPN,meguro,japan,MISSING_VAL,139.69171,35.6895,Tokyo
JPN,minamiku,japan,MISSING_VAL,141.56722,42.97583,Hiroshima
JPN,misaki,japan,MISSING_VAL,135.1422,34.3173,misaki
JPN,mita,japan,MISSING_VAL,139.69171,35.6895,Tokyo
JPN,miyabara,japan,MISSING_VAL,141.56722,42.97583,Hiroshima
JPN,miyamae,japan,MISSING_VAL,130.41667,33.6,Fukuoka
JPN,nagatacho,japan,MISSING_VAL,139.69171,35.6895,Tokyo
JPN,nishi-shinagawa,japan,MISSING_VAL,139.69171,35.6895,Tokyo
JPN,sarugaku,japan,MISSING_VAL,139.69171,35.6895,Tokyo
JPN,shibaura,japan,MISSING_VAL,139.69171,35.6895,Tokyo
JPN,shimbashi,japan,MISSING_VAL,139.69171,35.6895,Tokyo
JPN,shimogo,japan,MISSING_VAL,139.8721,37.2556,shimogo
JPN,shioya,japan,MISSING_VAL,139.8504,36.7776,shioya
JPN,takajo,japan,MISSING_VAL,131.131,31.8021,Takajocho Takajo
JPN,tamba,japan,MISSING_VAL,135.0358,35.1771,tamba
JPN,toranomon,japan,MISSING_VAL,139.69171,35.6895,Tokyo
JPN,tsubaki,japan,MISSING_VAL,135.3482,33.6781,Shirahama
JPN,yamato-minami,japan,MISSING_VAL,139.4579498,35.4875124,Yamato
JPN,yoyogi-sanyacho,japan,MISSING_VAL,139.69171,35.6895,Tokyo
KEN,westlands,kenya,MISSING_VAL,36.81667,-1.28333,Nairobi
KEN,maragoli,kenya,MISSING_VAL,34.723,0.0815,maragoli
KEN,south kinangop,kenya,MISSING_VAL,36.6502,0.7191,south kinangop
KNA,old road town,saint kitts and nevis,MISSING_VAL,-62.8044,17.3248,old road town
KOR,seongdong,"korea, republic of",MISSING_VAL,126.9784,37.566,Seoul
KOR,songpadong,"korea, republic of",MISSING_VAL,126.9784,37.566,Seoul
KOR,yongdungpo,"korea, republic of",MISSING_VAL,126.9784,37.566,Seoul
KOR,gasandong,"korea, republic of",MISSING_VAL,126.9784,37.566,Seoul
KOR,kimpo,"korea, republic of",MISSING_VAL,126.6,37.7,Gimpo
KOR,gojan,"korea, republic of",MISSING_VAL,126.9784,37.566,Seoul
KOR,kuri,"korea, republic of",MISSING_VAL,126.9784,37.566,Seoul
KOR,sihung,"korea, republic of",MISSING_VAL,126.9784,37.566,Seoul
KOR,sinchon,"korea, republic of",MISSING_VAL,126.9784,37.566,Seoul
KOR,yongsin,"korea, republic of",MISSING_VAL,126.9784,37.566,Seoul
KOR,pangyo,"korea, republic of",MISSING_VAL,127.480833,37.071389,Pangyo
KOR,haeundae,"korea, republic of",MISSING_VAL,129.03004,35.10168,Busan
KOR,gurian,"korea, republic of",MISSING_VAL,126.302778,37.704167,Gurian
KOR,kanghwa,"korea, republic of",MISSING_VAL,126.48556,37.74722,kanghwa
KOR,ilsandong,"korea, republic of",MISSING_VAL,126.835,37.65639,Goyang
KOR,koyang,"korea, republic of",MISSING_VAL,126.835,37.65639,Goyang
KOR,gwangsan,"korea, republic of",MISSING_VAL,126.91556,35.15472,Gwangju
KOR,banpodong,"korea, republic of",MISSING_VAL,126.9784,37.566,Seoul
KOR,bongcheondong,"korea, republic of",MISSING_VAL,126.9784,37.566,Seoul
KOR,doksansadong,"korea, republic of",MISSING_VAL,126.9784,37.566,Seoul
KOR,dongan,"korea, republic of",MISSING_VAL,126.9784,37.566,Seoul
KOR,giheung,"korea, republic of",MISSING_VAL,126.9784,37.566,Seoul
KOR,hakdong,"korea, republic of",MISSING_VAL,126.9784,37.566,Seoul
KOR,hyojadong,"korea, republic of",MISSING_VAL,126.9784,37.566,Seoul
KOR,kangnam,"korea, republic of",MISSING_VAL,126.9784,37.566,Seoul
KOR,seongnae,"korea, republic of",MISSING_VAL,126.9784,37.566,Seoul
KOR,sochodong,"korea, republic of",MISSING_VAL,126.9784,37.566,Seoul
KOR,susaek,"korea, republic of",MISSING_VAL,126.9784,37.566,Seoul
KOR,bundangdong,"korea, republic of",MISSING_VAL,127.13778,37.43861,Seongnam
KOR,chongnam,"korea, republic of",MISSING_VAL,127.1522,36.8065,Cheonan
KOR,pochon,"korea, republic of",MISSING_VAL,127.2,37.89,pochon
KOR,jeungpyeong,"korea, republic of",MISSING_VAL,127.59858,36.78377,jeungpyeong
KOR,tongyong,"korea, republic of",MISSING_VAL,128.429581,34.855228,Tongyeong
KOR,chongdo,"korea, republic of",MISSING_VAL,128.552,35.713,Ganknam-myeon
KOR,sasang,"korea, republic of",MISSING_VAL,129.03004,35.10168,Busan
KOR,yongnam,"korea, republic of",MISSING_VAL,129.03004,35.10168,Busan
LAO,vientiane,lao people's dem. rep.,MISSING_VAL,102.630867,17.974855,Vientiane
LAO,champasak,lao people's dem. rep.,MISSING_VAL,105.817291,15.110507,champasak
LKA,aluthgama,sri lanka,MISSING_VAL,80.0004,6.4346,aluthgama
LKA,pilimatalawa,sri lanka,MISSING_VAL,80.6337,7.2906,Kandy
LKA,tissamaharama,sri lanka,MISSING_VAL,81.2877,6.2792,tissamaharama
LTU,germany,lithuania,WRONG,,,
LUX,doncols,luxembourg,MISSING_VAL,5.8898,49.9672,Winseler
LVA,jaunmarupe,latvia,MISSING_VAL,23.9411,56.8755,jaunmarupe
LVA,pure,latvia,MISSING_VAL,22.9128,57.0377,pure
MEX,colombia,mexico,WRONG,,,
MEX,arizona,mexico,WRONG,-122.82509,49.10635,Surrey
MEX,asia,mexico,WRONG,126.9784,37.566,Seoul
MEX,guatemala,mexico,WRONG,-99.12766,19.42847,Mexico City
MEX,alvaro obregón,mexico,MISSING_VAL,-99.12766,19.42847,Mexico City
MEX,madero,mexico,MISSING_VAL,-97.8331,22.2769,madero
MEX,peralvillo,mexico,MISSING_VAL,-99.12766,19.42847,Mexico City
MKD,kosovo,"macedonia, the former yugoslav rep. of",WRONG,,,
MUS,ebène,mauritius,MISSING_VAL,57.4791,-20.26381,Quatre Bornes
MYS,petaling,malaysia,MISSING_VAL,101.68653,3.1412,Kuala Lumpur
MYS,puchong,malaysia,MISSING_VAL,101.60671,3.10726,Petaling Jaya
MYS,seri kembangan,malaysia,MISSING_VAL,101.60671,3.10726,Petaling Jaya
MYS,bangi,malaysia,MISSING_VAL,101.7809,2.9198,Bangi
MYS,bayan lepas,malaysia,MISSING_VAL,100.2593,5.2945,bayan lepas
MYS,chemor,malaysia,MISSING_VAL,101.1216,4.7165,chemor
MYS,damansara new village,malaysia,MISSING_VAL,101.60671,3.10726,Petaling Jaya
MYS,kajang,malaysia,MISSING_VAL,101.7874,2.9935,kajang
MYS,kampong tantaya,malaysia,MISSING_VAL,115,4.867,kampong tantaya
MYS,paya besar,malaysia,MISSING_VAL,103.3317,3.8168,Kuantan
MYS,sentul,malaysia,MISSING_VAL,101.68653,3.1412,Kuala Lumpur
MYS,sungai buloh,malaysia,MISSING_VAL,1.5613,3.2093,sungai buloh
NGA,ghana,nigeria,WRONG,,,
NGA,gbagi,nigeria,WRONG,-0.46632,52.13459,Bedford
NGA,ogun,nigeria,WRONG,4.7888,7.9452,Otta
NGA,abia,nigeria,MISSING_VAL,5.1216,7.3733,Aba
NGA,alaba,nigeria,MISSING_VAL,3.39467,6.45407,Lagos
NGA,gulu,nigeria,MISSING_VAL,32.2881,2.772404,Gulu
NGA,gwarinpa,nigeria,MISSING_VAL,7.49508,9.05785,Abuja
NGA,ibafo,nigeria,MISSING_VAL,3.4221,6.7401,ibafo
NGA,iganmu,nigeria,MISSING_VAL,3.39467,6.45407,Lagos
NGA,ilupeju,nigeria,MISSING_VAL,3.39467,6.45407,Lagos
NGA,ketu,nigeria,MISSING_VAL,3.39467,6.45407,Lagos
NGA,yaba,nigeria,MISSING_VAL,3.39467,6.45407,Lagos
NLD,nootdorp,netherlands,MISSING_VAL,4.3909217,52.0439927,Nootdorp
NLD,bilthoven,netherlands,MISSING_VAL,5.18056,52.11, De Bilt
NLD,musselkanaal,netherlands,MISSING_VAL,6.9462217,52.9919853,Stadskanaal 
NLD,nieuwerkerk aan den ijssel,netherlands,MISSING_VAL,4.5827851,52.0067577,Zuidplas
NLD,oostzaan,netherlands,MISSING_VAL,4.8757219,52.4404972,Oostzaan
NLD,zuidoostbeemster,netherlands,MISSING_VAL, 4.93333,52.5667,The Beemster
NLD,boesingheliede,netherlands,MISSING_VAL,4.6695376,52.2904909,Haarlemmermeer
NLD,delfgauw,netherlands,MISSING_VAL,4.39583,52.0439927,Pijnacker-Nootdorp
NLD,dreumel,netherlands,MISSING_VAL,4.467,51.783,West Maas en Waal
NLD,drunen,netherlands,MISSING_VAL,5.167,51.683,drunen
NLD,genemuiden,netherlands,MISSING_VAL,6.0523908,52.6191047,genemuiden
NLD,kats,netherlands,MISSING_VAL,3.8860162,51.5679227,Noord-Beveland
NLD,krommenie,netherlands,MISSING_VAL,4.81356,52.45313,Zaanstad
NLD,rosmalen,netherlands,MISSING_VAL,5.3608099, 51.7171488,Rosmalen
NLD,schiphol,netherlands,MISSING_VAL,4.88969,52.37403,Amsterdam
NLD,zevenbergen,netherlands,MISSING_VAL,4.5932,51.6405,zevenbergen
NLD,akersloot,netherlands,MISSING_VAL,4.7338,52.5609,akersloot
NLD,almere-haven,netherlands,MISSING_VAL,5.21413,52.37025,Almere
NLD,amsterdamsche veld i,netherlands,MISSING_VAL,6.90694,52.77917,Emmen
NLD,andijk,netherlands,MISSING_VAL,5.2209,52.7455,andijk
NLD,ankeveen,netherlands,MISSING_VAL,5.0983,52.2642,ankeveen
NLD,anna paulowna,netherlands,MISSING_VAL,4.8238,52.8616,anna paulowna
NLD,badhoevedorp,netherlands,MISSING_VAL,4.63683,52.38084,Haarlem
NLD,beerta,netherlands,MISSING_VAL,7.0971,53.1745,beerta
NLD,bronkhorst,netherlands,MISSING_VAL,6.181,52.0758,bronkhorst
NLD,colmschate,netherlands,MISSING_VAL,6.1552,52.2661,Deventer
NLD,daarle,netherlands,MISSING_VAL,6.5364,52.4351,daarle
NLD,diepenveen,netherlands,MISSING_VAL,6.1552,52.2661,Deventer
NLD,eemnes,netherlands,MISSING_VAL,5.2613,52.2537,eemnes
NLD,enter,netherlands,MISSING_VAL,6.5781,52.2948,enter
NLD,eppenhuizen,netherlands,MISSING_VAL,6.6969,53.3813,eppenhuizen
NLD,erica,netherlands,MISSING_VAL,6.9282,52.7104,erica
NLD,exloërveen,netherlands,MISSING_VAL,6.9062826,52.9090132,exloërveen
NLD,gaanderen,netherlands,MISSING_VAL,6.3478,51.9302,gaanderen
NLD,gastel,netherlands,MISSING_VAL,5.5564,51.285,gastel
NLD,haghorst,netherlands,MISSING_VAL,5.207,51.4959,haghorst
NLD,harmelen,netherlands,MISSING_VAL,4.9633,52.0882,harmelen
NLD,heeswijk,netherlands,MISSING_VAL,5.4863,51.6504,heeswijk
NLD,heinenoord,netherlands,MISSING_VAL,4.4834,51.8274,heinenoord
NLD,hoevelaken,netherlands,MISSING_VAL,5.4643,52.1724,hoevelaken
NLD,huissen,netherlands,MISSING_VAL,5.9343,51.9357,huissen
NLD,kaatsheuvel,netherlands,MISSING_VAL,5.0306,51.6571,kaatsheuvel
NLD,lemiers,netherlands,MISSING_VAL,5.9925,50.7855,lemiers
NLD,linde,netherlands,MISSING_VAL,6.4478,52.6394,linde
NLD,lutte,netherlands,MISSING_VAL,6.9874,52.3149,de lutte
NLD,mariaheide,netherlands,MISSING_VAL,5.581,51.6333,mariaheide
NLD,moordrecht,netherlands,MISSING_VAL,4.669,51.9874,moordrecht
NLD,nieuw-schoonebeek,netherlands,MISSING_VAL,6.9859,52.6464,nieuw-schoonebeek
NLD,okkenbroek,netherlands,MISSING_VAL,6.3205,52.2984,okkenbroek
NLD,oudenbosch,netherlands,MISSING_VAL,4.5276,51.5833,oudenbosch
NLD,philippine,netherlands,MISSING_VAL,3.7587,51.2827,philippine
NLD,riel,netherlands,MISSING_VAL,5.0253,51.526,riel
NLD,roodeschool,netherlands,MISSING_VAL,6.7642,53.4202,roodeschool
NLD,roordahuizum,netherlands,MISSING_VAL,5.7854,53.117,roordahuizum
NLD,schalkwijk,netherlands,MISSING_VAL,5.1781,51.9964,schalkwijk
NLD,'s-gravendeel,netherlands,MISSING_VAL,4.6181,51.7793,'s-gravendeel
NLD,spaarndam,netherlands,MISSING_VAL,4.6843,52.413,spaarndam
NLD,spier,netherlands,MISSING_VAL,6.4692,52.8202,spier
NLD,susteren,netherlands,MISSING_VAL,5.8527,51.0641,susteren
NLD,veere,netherlands,MISSING_VAL,3.666,51.5483,veere
NLD,venhuizen,netherlands,MISSING_VAL,5.2065,52.6647,venhuizen
NLD,vinkel,netherlands,MISSING_VAL,5.4544,51.7042,vinkel
NLD,vreeland,netherlands,MISSING_VAL,5.0284,52.2304,vreeland
NLD,warfstermolen,netherlands,MISSING_VAL,6.233,53.2955,warfstermolen
NLD,wartena,netherlands,MISSING_VAL,5.8982,53.15,wartena
NLD,watergang,netherlands,MISSING_VAL,4.9521,52.4399,watergang
NLD,wehl,netherlands,MISSING_VAL,6.2107,51.9619,wehl
NLD,wiesel,netherlands,MISSING_VAL,5.9379,52.2543,wiesel
NLD,willemstad,netherlands,MISSING_VAL,4.437907,51.691947,Willemstad
NLD,wormer,netherlands,MISSING_VAL,4.83364,52.497,Wormerland
NLD,wormerveer,netherlands,MISSING_VAL,4.81356,52.45313,Zaanstad
NLD,wouwse-plantage,netherlands,MISSING_VAL,4.46528,51.53083,Roosendaal
NLD,zuidland,netherlands,MISSING_VAL,4.328764,51.848031,Nissewaard
NLD,zuidwolde,netherlands,MISSING_VAL,6.382356,52.684862,De Wolden
NLD,zwaag,netherlands,MISSING_VAL,5.05972,52.6425,Hoorn
NOR,nordland,norway,WRONG,14.142,66.3137,Mo I Rana
NOR,rud,norway,MISSING_VAL,11.042199,59.992918,Skedsmo
NOR,bjordal,norway,MISSING_VAL,5.8275,61.0725,bjordal
NOR,dilling,norway,MISSING_VAL,10.7007,59.402,dilling
NOR,hjelmeland,norway,MISSING_VAL,6.4446,59.2206,hjelmeland
NOR,kongsvik,norway,MISSING_VAL,16.2537,68.5661,kongsvik
NOR,raudeberg,norway,MISSING_VAL,5.1351,61.9829,raudeberg
NOR,søvik,norway,MISSING_VAL,6.2789,62.5475,søvik
NOR,svalbard,norway,MISSING_VAL,20.9752,77.875,svalbard
NOR,tornes i romsdal,norway,MISSING_VAL,7.0303,62.8513,tornes i romsdal
NZL,havelock north,new zealand,MISSING_VAL,176.8772,-39.6702,havelock north
NZL,horotiu,new zealand,MISSING_VAL,175.1918,-37.7019,horotiu
NZL,mount maunganui,new zealand,MISSING_VAL,176.2081,-37.6647,mount maunganui
NZL,tasman,new zealand,MISSING_VAL,172.821,-41.4571,tasman
PER,barranco,peru,MISSING_VAL,-77.02824,-12.04318,Lima
PER,lince,peru,MISSING_VAL,-77.02824,-12.04318,Lima
PER,mrabatena del mar,peru,MISSING_VAL,-77.02824,-12.04318,Lima
PER,pachacamac,peru,MISSING_VAL,-77.02824,-12.04318,Lima
PHL,australia,philippines,WRONG,,,
PHL,portugal,philippines,WRONG,,,
PHL,austria,philippines,WRONG,151.20732,-33.86785,Sydney
PHL,alabang,philippines,MISSING_VAL,120.9822,14.6042,Manila
POL,konopnica,poland,MISSING_VAL,22.4574,51.2194,konopnica
POL,wiazowna,poland,MISSING_VAL,21.2915,52.1703,wiazowna
PRT,galiza,portugal,MISSING_VAL,-8.7207,42.2406,Vigo
PRT,paul,portugal,MISSING_VAL,-17.2304,32.7591,Paul do Mar
PRT,porto carreiro,portugal,MISSING_VAL,-8.61099,41.14961,Porto
PRT,raiva,portugal,MISSING_VAL,-8.3401,41.0354,raiva
PSE,gaza,palestine,MISSING_VAL,31.5017,34.4668,gaza
QAT,lusail,qatar,MISSING_VAL,51.483334,25.5,lusail
RUS,kurbatova,russian federation,MISSING_VAL,,,
RWA,kicukiro,rwanda,MISSING_VAL,30.05885,-1.94995,Kigali
RWA,nyarugenge,rwanda,MISSING_VAL,30.05885,-1.94995,Kigali
SAU,thuwal,saudi arabia,MISSING_VAL,39.18624,21.49012,Jeddah
SEN,ngaparou,senegal,MISSING_VAL,-17.0584,14.4652,ngaparou
SRB,prishtinë,serbia,MISSING_VAL,21.166191,42.667542,Pristina
SVK,bánovce nad bebravou,slovakia,MISSING_VAL,18.2603,48.7188,bánovce nad bebravou
SVK,budca,slovakia,MISSING_VAL,19.07,48.5744,budca
SVK,galanta,slovakia,MISSING_VAL,17.7267,48.1895,galanta
SVK,kosice,slovakia,MISSING_VAL,21.2611,48.7164,kosice
SVK,liptovsky mikulas,slovakia,MISSING_VAL,19.6192,49.0811,liptovsky mikulas
SVK,nitra,slovakia,MISSING_VAL,18.0764,48.3061,nitra
SVK,pezinok,slovakia,MISSING_VAL,17.2667,48.2891,pezinok
SVK,presov,slovakia,MISSING_VAL,21.2393,49.0018,presov
SVK,púchov,slovakia,MISSING_VAL,18.3241,49.1236,púchov
SVK,slovenský grob,slovakia,MISSING_VAL,17.278,48.256,slovenský grob
SVK,vinohrady,slovakia,MISSING_VAL,17.0957,48.1654,vinohrady
SVN,hrusevje,slovenia,MISSING_VAL,14.203842,45.783031,Postojna
SVN,begunje,slovenia,MISSING_VAL,14.202,46.3767,Begunje na Gorenjskem
SWE,johanneshov,sweden,MISSING_VAL,18.06871,59.32938,Stockholm
SWE,asarum,sweden,MISSING_VAL,14.8333,56.2,asarum
SWE,broakulla,sweden,MISSING_VAL,15.5272,56.7018,broakulla
SWE,danderyd,sweden,MISSING_VAL,18.0256,59.4059,danderyd
SWE,dvärsätt,sweden,MISSING_VAL,4.4721,63.3026,dvärsätt
SWE,hammenhög,sweden,MISSING_VAL,14.1513,55.5026,hammenhög
SWE,harads,sweden,MISSING_VAL,20.9627,66.0826,harads
SWE,härryda,sweden,MISSING_VAL,12.2944,57.6917,härryda
SWE,kittelfjäll,sweden,MISSING_VAL,15.525,65.255,kittelfjäll
SWE,lane,sweden,MISSING_VAL,-100.16068,40.92945,Gothenburg
SWE,norje,sweden,MISSING_VAL,5.87398,59.17117,Finnøy
SWE,ragunda,sweden,MISSING_VAL,16.3967,63.0613,ragunda
SWE,röstånga,sweden,MISSING_VAL,13.2933,56.0025,röstånga
SWE,sävedalen,sweden,MISSING_VAL,12.0826,57.718,sävedalen
SWE,spånga,sweden,MISSING_VAL,17.9,59.381,spånga
SWE,värmdö,sweden,MISSING_VAL,18.5208,59.2846,värmdö
SWE,vintrie,sweden,MISSING_VAL,12.9631,55.5527,vintrie
SWZ,matsapha,swaziland,MISSING_VAL,31.3141,-26.5009,matsapha
TCD,ngoura,chad,MISSING_VAL,17.05876,12.37813,Bokoro
THA,ban lang lat,thailand,MISSING_VAL,104.3326,21.005,Yên Châu
THA,bang chak,thailand,MISSING_VAL,100.614,13.6911,bang chak
TTO,brazil,trinidad and tobago,MISSING_VAL,,,
TTO,new jersey,trinidad and tobago,MISSING_VAL,-74.871826,39.833851,New Jersey
TUN,mégrine,tunisia,MISSING_VAL,10.232,36.7755,Mégrine
TUR,besiktas,turkey,MISSING_VAL,28.94966,41.01384,Istanbul
TUR,maslak,turkey,MISSING_VAL,28.94966,41.01384,Istanbul
TUR,sariyer,turkey,MISSING_VAL,28.94966,41.01384,Istanbul
TUR,kagithane,turkey,MISSING_VAL,28.94966,41.01384,Istanbul
TWN,yünlin,"taiwan, china",WRONG,,,
TWN,taoyüan,"taiwan, china",MISSING_VAL,121.29696,24.99368,Taoyuan
TWN,chiai,"taiwan, china",MISSING_VAL,120.4491,23.4801,Chiayi City
TWN,toucheng,"taiwan, china",MISSING_VAL,121.8235,24.8576,toucheng
TZA,kilimanjaro,"tanzania, united republic of",MISSING_VAL,,,
TZA,kinondoni,"tanzania, united republic of",MISSING_VAL,39.178326,-6.776012,Dar Es Salaam
TZA,masaki,"tanzania, united republic of",MISSING_VAL,39.178326,-6.776012,Dar Es Salaam
TZA,mwenge,"tanzania, united republic of",MISSING_VAL,39.178326,-6.776012,Dar Es Salaam
UGA,makerere,uganda,MISSING_VAL,32.58219,0.31628,Kampala
UKR,tysmenytsya,ukraine,MISSING_VAL,24.852,48.9002,tysmenytsya
VNM,thanh hóa,vietnam,MISSING_VAL,105.76667,19.8,thanh hóa
VNM,thái nguyên,vietnam,MISSING_VAL,105.84817,21.59422,thái nguyên
VNM,cà mau,vietnam,MISSING_VAL,105.1961,9.1527,cà mau
VNM,da lat,vietnam,MISSING_VAL,108.4583,11.9404,da lat
VNM,da nang,vietnam,MISSING_VAL,108.0717,16.0545,da nang
VNM,hai duong,vietnam,MISSING_VAL,106.3146,20.9373,hai duong
VNM,long xuyên,vietnam,MISSING_VAL,105.4185,10.3759,long xuyên
VNM,vinh,vietnam,MISSING_VAL,105.6813,18.6796,vinh
ZAF,gauteng,south africa,WRONG,,,
ZAF,bryanston,south africa,MISSING_VAL,28.04363,-26.20227,Johannesburg
ZAF,sandown,south africa,MISSING_VAL,28.04363,-26.20227,Johannesburg
ZAF,fourways,south africa,MISSING_VAL,28.04363,-26.20227,Johannesburg
ZAF,somerset west,south africa,MISSING_VAL,18.42322,-33.92584,Cape Town
#N/A,lubumbashi,,MISSING_VAL,27.47938,-11.66089,Lumumbashi
#N/A,algiers,rouiba,MISSING_VAL,3.0588,36.7538,Algiers
#N/A,rouiba,saoula,MISSING_VAL,3.0588,36.7538,Algiers
,,south africa,,28.5245,-25.675159,Cullinan
,,south africa,,18.42322,-33.92584,Cape Town
,,south africa,,28.18577,-25.85891,Centurion
,,south africa,,28.18783,-25.74486,Pretoria
,,south africa,,28.1667, -25.6667,Tswane
,,brazil,,-37.2223745,-11.0134545,São Cristovao
,,brazil,,-38.476665,-12.974722,Salvador
,,brazil,,-35.0930568, -8.11776570,Moreno
,,brazil,,-39.85891,-18.72011,São Mateus
,,brazil,,-44.43333,-16.20639,brazilia
,australia,Australia,,144.96332,-37.814,Melbourne
,australia,Australia,,151.20732,-33.86785,Sydney
,,brazil,,-43.940933,-19.912998,Belo Horizonte
,,brazil,,-42.8819,-20.7539,Viçosa
,,united kingdom,,-0.12574,51.50853,London
,,united kingdom,,-2.23743,53.48095,Manchester
,,united kingdom,,-0.2142,51.4466,Dartford
,,united kingdom,,-2.158843,53.406754,Stockport
,,Ghana,,-1.62443,6.68848,Kumasi
,,Ghana,,-0.1969,5.55602,Accra
,,Ghana,,-2.100849,7.741958,Wenchi
,,china,,116.99722,36.66833,Jinan
,,china,,115.47358,35.23929,Heze
,,china,,121.45806,31.22222,Shanghai
,,,,112.642222,37.753889,Wusu
,,,,115.883331, 28.683332,Nanchang
,,,,102.71833,25.03889,Kunming
,,,,116.39723,39.9075,Beijing
,,,,-75.56359,6.25184,Medellín
,,,,-74.08175,4.60971,Bogotá
,moshava,Israel,,34.8851,32.0866,Petah Tikva
,australia,Australia,,115.8614,-31.95224,Perth
,,,,-56.094894,-15.5989173,Cuiabá
,,,,-46.63611,-23.5475,São Paulo
,,,,-49.276855,-25.441105,Curitiba
,,,,-52.46528,-23.07306,Paranavaí
,,,,-49.2317072,-26.8975377,Indaial
,,,,-48.84556,-26.30444,Joinville
,,,,-80.63282,-5.19449,Piura
,,,,-68.82717,-32.89084,Mendoza
,,,,115.2437,-8.4355,Kabupaten Badung
,,,,106.84513,-6.21462,Jakarta
,,,,15.2386796,40.2318294,Badia
,,,,9.18951,45.46427,Milano
,,,,8.48255,49.92139,Groß-Gerau
,,,,-93.78135,44.77163,Cologne
,,,2,-9.13333,38.71667,Lisbon
,moshava,Israel,,34.78057,32.08088,Tel Aviv
,moshava,Israel,,34.809322,31.894756,Rehovot
,moshava,Israel,,34.871979,32.271928,Kfar Netter
,moshava,Israel,,34.916426,32.345607,Kfar Monash
,australia,Australia,,149.10018,-33.28397,Orange
,australia,Australia,,153.02809,-27.46794,Brisbane
,moshava,Israel,, 34.403091,31.247595,Yesha
